<?xml version="1.0" encoding="UTF-8"?>
<beans xmlns="http://www.springframework.org/schema/beans"
	xmlns:xsi="http://www.w3.org/2001/XMLSchema-instance"
	xmlns:aop="http://www.springframework.org/schema/aop"
	xmlns:context="http://www.springframework.org/schema/context"
	xmlns:jee="http://www.springframework.org/schema/jee"
	xmlns:tx="http://www.springframework.org/schema/tx"
	xsi:schemaLocation="http://www.springframework.org/schema/jee http://www.springframework.org/schema/jee/spring-jee-3.2.xsd
		http://www.springframework.org/schema/beans http://www.springframework.org/schema/beans/spring-beans-3.2.xsd
		http://www.springframework.org/schema/context http://www.springframework.org/schema/context/spring-context-3.2.xsd
		http://www.springframework.org/schema/aop http://www.springframework.org/schema/aop/spring-aop-3.2.xsd
		http://www.springframework.org/schema/tx http://www.springframework.org/schema/tx/spring-tx-3.2.xsd">
<!-- <bean id="carDAO" class="com.cg.dao.impl.JDBCCarDAO">
<property name = "dataSource" ref="dataSource"/>
</bean> -->

<context:annotation-config/>
<context:component-scan base-package="com.cg.pp"/>
<tx:annotation-driven/>

<jee:jndi-lookup jndi-name="jdbc/VIMDataSource" id="dataSource" 
	expected-type = "javax.sql.DataSource"/>

<bean id="entityManagerFactory" class="org.springframework.orm.jpa.LocalContainerEntityManagerFactoryBean">
	<property name="dataSource" ref="dataSource"/>
	</bean>
<bean id="transactionManager" class="org.springframework.orm.jpa.JpaTransactionManager">
	<property name="entityManagerFactory" ref="entityManagerFactory"/>
	</bean>
</beans>
